{
	"credit": "Metronovich",
	"texture_size": [112, 112],
	"textures": {
		"0": "./shotgun_pulling_1",
		"particle": "./shotgun_pulling_1"
	},
	"elements": [
		{
			"from": [3, 10, 20],
			"to": [13, 19, 26],
			"faces": {
				"north": {"uv": [0.85714, 2.71429, 2.28571, 4], "texture": "#0"},
				"east": {"uv": [0, 2.71429, 0.85714, 4], "texture": "#0"},
				"south": {"uv": [3.14286, 2.71429, 4.57143, 4], "texture": "#0"},
				"west": {"uv": [2.28571, 2.71429, 3.14286, 4], "texture": "#0"},
				"up": {"uv": [2.28571, 2.71429, 0.85714, 1.85714], "texture": "#0"},
				"down": {"uv": [3.71429, 1.85714, 2.28571, 2.71429], "texture": "#0"}
			}
		},
		{
			"from": [3, 8, 7],
			"to": [13, 11, 20],
			"faces": {
				"north": {"uv": [7.57143, 7.28571, 9, 7.71429], "texture": "#0"},
				"east": {"uv": [5.71429, 7.28571, 7.57143, 7.71429], "texture": "#0"},
				"south": {"uv": [10.85714, 7.28571, 12.28571, 7.71429], "texture": "#0"},
				"west": {"uv": [9, 7.28571, 10.85714, 7.71429], "texture": "#0"},
				"up": {"uv": [9, 7.28571, 7.57143, 5.42857], "texture": "#0"},
				"down": {"uv": [10.42857, 5.42857, 9, 7.28571], "texture": "#0"}
			}
		},
		{
			"from": [3, 9, 4],
			"to": [13, 11, 7],
			"faces": {
				"north": {"uv": [0.42857, 4.42857, 1.85714, 4.71429], "texture": "#0"},
				"east": {"uv": [0, 4.42857, 0.42857, 4.71429], "texture": "#0"},
				"south": {"uv": [2.28571, 4.42857, 3.71429, 4.71429], "texture": "#0"},
				"west": {"uv": [1.85714, 4.42857, 2.28571, 4.71429], "texture": "#0"},
				"up": {"uv": [1.85714, 4.42857, 0.42857, 4], "texture": "#0"},
				"down": {"uv": [3.28571, 4, 1.85714, 4.42857], "texture": "#0"}
			}
		},
		{
			"from": [3.0001, 9.09853, 18.90355],
			"to": [12.99, 12.09853, 24.90355],
			"rotation": {"angle": -22.5, "axis": "x", "origin": [8, 11.19853, 22.20355]},
			"faces": {
				"north": {"uv": [11.14286, 0.85714, 12.42857, 1.28571], "rotation": 180, "texture": "#0"},
				"east": {"uv": [10.28571, 0.85714, 11.14286, 1.28571], "rotation": 270, "texture": "#0"},
				"south": {"uv": [13.28571, 0.85714, 14.57143, 1.28571], "texture": "#0"},
				"west": {"uv": [12.42857, 0.85714, 13.28571, 1.28571], "rotation": 90, "texture": "#0"},
				"up": {"uv": [12.42857, 0.85714, 11.14286, 0], "rotation": 180, "texture": "#0"},
				"down": {"uv": [13.71429, 0, 12.42857, 0.85714], "texture": "#0"}
			}
		},
		{
			"from": [5, 19, 20],
			"to": [11, 20, 25],
			"faces": {
				"north": {"uv": [10.85714, 8.42857, 11.71429, 8.57143], "texture": "#0"},
				"east": {"uv": [10.14286, 8.42857, 10.85714, 8.57143], "texture": "#0"},
				"south": {"uv": [12.42857, 8.42857, 13.28571, 8.57143], "texture": "#0"},
				"west": {"uv": [11.71429, 8.42857, 12.42857, 8.57143], "texture": "#0"},
				"up": {"uv": [11.71429, 8.42857, 10.85714, 7.71429], "texture": "#0"},
				"down": {"uv": [12.57143, 7.71429, 11.71429, 8.42857], "texture": "#0"}
			}
		},
		{
			"from": [6, 2, 17],
			"to": [10, 9, 21],
			"rotation": {"angle": -22.5, "axis": "x", "origin": [8, 4.5, 17.5]},
			"faces": {
				"north": {"uv": [0.57143, 11.28571, 1.14286, 12.28571], "texture": "#0"},
				"east": {"uv": [0, 11.28571, 0.57143, 12.28571], "texture": "#0"},
				"south": {"uv": [1.71429, 11.28571, 2.28571, 12.28571], "texture": "#0"},
				"west": {"uv": [1.14286, 11.28571, 1.71429, 12.28571], "texture": "#0"},
				"up": {"uv": [1.14286, 11.28571, 0.57143, 10.71429], "texture": "#0"},
				"down": {"uv": [1.71429, 10.71429, 1.14286, 11.28571], "texture": "#0"}
			}
		},
		{
			"from": [6, 1, 16],
			"to": [10, 2, 21],
			"rotation": {"angle": -22.5, "axis": "x", "origin": [8, 4.5, 17.5]},
			"faces": {
				"north": {"uv": [3, 11.42857, 3.57143, 11.57143], "texture": "#0"},
				"east": {"uv": [2.28571, 11.42857, 3, 11.57143], "texture": "#0"},
				"south": {"uv": [4.28571, 11.42857, 4.85714, 11.57143], "texture": "#0"},
				"west": {"uv": [3.57143, 11.42857, 4.28571, 11.57143], "texture": "#0"},
				"up": {"uv": [3.57143, 11.42857, 3, 10.71429], "texture": "#0"},
				"down": {"uv": [4.14286, 10.71429, 3.57143, 11.42857], "texture": "#0"}
			}
		},
		{
			"from": [8, 6, 12],
			"to": [8, 11, 19],
			"rotation": {"angle": -22.5, "axis": "x", "origin": [8, 4.5, 17.5]},
			"faces": {
				"north": {"uv": [3.71429, 7.14286, 3.71429, 7.85714], "texture": "#0"},
				"east": {"uv": [2.71429, 7.14286, 3.71429, 7.85714], "texture": "#0"},
				"south": {"uv": [4.71429, 7.14286, 4.71429, 7.85714], "texture": "#0"},
				"west": {"uv": [3.71429, 7.14286, 2.71429, 7.85714], "texture": "#0"},
				"up": {"uv": [3.71429, 7.14286, 3.71429, 6.14286], "texture": "#0"},
				"down": {"uv": [3.71429, 6.14286, 3.71429, 7.14286], "texture": "#0"}
			}
		},
		{
			"from": [4, 11, -15],
			"to": [7, 14, 20],
			"faces": {
				"north": {"uv": [5, 5, 5.42857, 5.42857], "texture": "#0"},
				"east": {"uv": [0, 5, 5, 5.42857], "texture": "#0"},
				"south": {"uv": [10.42857, 5, 10.85714, 5.42857], "texture": "#0"},
				"west": {"uv": [5.42857, 5, 10.42857, 5.42857], "texture": "#0"},
				"up": {"uv": [5.42857, 5, 5, 0], "texture": "#0"},
				"down": {"uv": [5.85714, 0, 5.42857, 5], "texture": "#0"}
			}
		},
		{
			"from": [9, 11, -15],
			"to": [12, 14, 20],
			"faces": {
				"north": {"uv": [5, 5, 5.42857, 5.42857], "texture": "#0"},
				"east": {"uv": [0, 5, 5, 5.42857], "texture": "#0"},
				"south": {"uv": [10.42857, 5, 10.85714, 5.42857], "texture": "#0"},
				"west": {"uv": [5.42857, 5, 10.42857, 5.42857], "texture": "#0"},
				"up": {"uv": [5.42857, 5, 5, 0], "texture": "#0"},
				"down": {"uv": [5.85714, 0, 5.42857, 5], "texture": "#0"}
			}
		},
		{
			"from": [3.32767, 14.10895, -14],
			"to": [6.32767, 17.10895, 20],
			"rotation": {"angle": -45, "axis": "z", "origin": [6.61872, 15.4, 10]},
			"faces": {
				"north": {"uv": [4.85714, 10.28571, 5.28571, 10.71429], "texture": "#0"},
				"east": {"uv": [0, 10.28571, 4.85714, 10.71429], "texture": "#0"},
				"south": {"uv": [10.14286, 10.28571, 10.57143, 10.71429], "texture": "#0"},
				"west": {"uv": [5.28571, 10.28571, 10.14286, 10.71429], "texture": "#0"},
				"up": {"uv": [5.28571, 10.28571, 4.85714, 5.42857], "texture": "#0"},
				"down": {"uv": [5.71429, 5.42857, 5.28571, 10.28571], "texture": "#0"}
			}
		},
		{
			"from": [8.52767, 14.89105, -16],
			"to": [12.52767, 18.89105, -14],
			"rotation": {"angle": 0, "axis": "y", "origin": [11.61872, 15.4, 10]},
			"faces": {
				"north": {"uv": [6, 5.71429, 6.57143, 6.28571], "rotation": 270, "texture": "#0"},
				"east": {"uv": [5.71429, 5.71429, 6, 6.28571], "rotation": 90, "texture": "#0"},
				"south": {"uv": [6.85714, 5.71429, 7.42857, 6.28571], "rotation": 90, "texture": "#0"},
				"west": {"uv": [6.57143, 5.71429, 6.85714, 6.28571], "rotation": 90, "texture": "#0"},
				"up": {"uv": [6.57143, 5.71429, 6, 5.42857], "rotation": 90, "texture": "#0"},
				"down": {"uv": [7.14286, 5.42857, 6.57143, 5.71429], "rotation": 90, "texture": "#0"}
			}
		},
		{
			"from": [8.32767, 14.10895, -14],
			"to": [11.32767, 17.10895, 20],
			"rotation": {"angle": -45, "axis": "z", "origin": [11.61872, 15.4, 10]},
			"faces": {
				"north": {"uv": [4.85714, 10.28571, 5.28571, 10.71429], "texture": "#0"},
				"east": {"uv": [0, 10.28571, 4.85714, 10.71429], "texture": "#0"},
				"south": {"uv": [10.14286, 10.28571, 10.57143, 10.71429], "texture": "#0"},
				"west": {"uv": [5.28571, 10.28571, 10.14286, 10.71429], "texture": "#0"},
				"up": {"uv": [5.28571, 10.28571, 4.85714, 5.42857], "texture": "#0"},
				"down": {"uv": [5.71429, 5.42857, 5.28571, 10.28571], "texture": "#0"}
			}
		},
		{
			"from": [3.52767, 14.89105, -16],
			"to": [7.52767, 18.89105, -14],
			"rotation": {"angle": 0, "axis": "z", "origin": [6.61872, 15.4, 10]},
			"faces": {
				"north": {"uv": [6, 5.71429, 6.57143, 6.28571], "rotation": 270, "texture": "#0"},
				"east": {"uv": [5.71429, 5.71429, 6, 6.28571], "rotation": 90, "texture": "#0"},
				"south": {"uv": [6.85714, 5.71429, 7.42857, 6.28571], "rotation": 90, "texture": "#0"},
				"west": {"uv": [6.57143, 5.71429, 6.85714, 6.28571], "rotation": 90, "texture": "#0"},
				"up": {"uv": [6.57143, 5.71429, 6, 5.42857], "rotation": 90, "texture": "#0"},
				"down": {"uv": [7.14286, 5.42857, 6.57143, 5.71429], "rotation": 90, "texture": "#0"}
			}
		},
		{
			"from": [6, 17, 9],
			"to": [10, 20, 20],
			"rotation": {"angle": 0, "axis": "x", "origin": [6.61872, 15.5, 10]},
			"faces": {
				"north": {"uv": [1.57143, 8.71429, 2.14286, 9.14286], "texture": "#0"},
				"east": {"uv": [0, 8.71429, 1.57143, 9.14286], "texture": "#0"},
				"south": {"uv": [3.71429, 8.71429, 4.28571, 9.14286], "texture": "#0"},
				"west": {"uv": [2.14286, 8.71429, 3.71429, 9.14286], "texture": "#0"},
				"up": {"uv": [2.14286, 8.71429, 1.57143, 7.14286], "texture": "#0"},
				"down": {"uv": [2.71429, 7.14286, 2.14286, 8.71429], "texture": "#0"}
			}
		},
		{
			"from": [3, 11, 9],
			"to": [13, 17, 20],
			"rotation": {"angle": 0, "axis": "x", "origin": [6.61872, 15.5, 10]},
			"faces": {
				"north": {"uv": [7.42857, 1.57143, 8.85714, 2.42857], "texture": "#0"},
				"east": {"uv": [5.85714, 1.57143, 7.42857, 2.42857], "texture": "#0"},
				"south": {"uv": [10.42857, 1.57143, 11.85714, 2.42857], "texture": "#0"},
				"west": {"uv": [8.85714, 1.57143, 10.42857, 2.42857], "texture": "#0"},
				"up": {"uv": [8.85714, 1.57143, 7.42857, 0], "texture": "#0"},
				"down": {"uv": [10.28571, 0, 8.85714, 1.57143], "texture": "#0"}
			}
		},
		{
			"from": [2, 10, 16],
			"to": [14, 14, 20],
			"rotation": {"angle": 0, "axis": "x", "origin": [6.61872, 15.5, 10]},
			"faces": {
				"north": {"uv": [6.28571, 9.57143, 8, 10.14286], "texture": "#0"},
				"east": {"uv": [5.71429, 9.57143, 6.28571, 10.14286], "texture": "#0"},
				"south": {"uv": [8.57143, 9.57143, 10.28571, 10.14286], "texture": "#0"},
				"west": {"uv": [8, 9.57143, 8.57143, 10.14286], "texture": "#0"},
				"up": {"uv": [8, 9.57143, 6.28571, 9], "texture": "#0"},
				"down": {"uv": [9.71429, 9, 8, 9.57143], "texture": "#0"}
			}
		},
		{
			"from": [2, 14, 13],
			"to": [14, 16, 20],
			"rotation": {"angle": 0, "axis": "x", "origin": [6.61872, 15.5, 10]},
			"faces": {
				"north": {"uv": [6.71429, 8.71429, 8.42857, 9], "texture": "#0"},
				"east": {"uv": [5.71429, 8.71429, 6.71429, 9], "texture": "#0"},
				"south": {"uv": [9.42857, 8.71429, 11.14286, 9], "texture": "#0"},
				"west": {"uv": [8.42857, 8.71429, 9.42857, 9], "texture": "#0"},
				"up": {"uv": [8.42857, 8.71429, 6.71429, 7.71429], "texture": "#0"},
				"down": {"uv": [10.14286, 7.71429, 8.42857, 8.71429], "texture": "#0"}
			}
		},
		{
			"from": [2.94924, 14.21605, 9.0001],
			"to": [4.94924, 18.21605, 20.0001],
			"rotation": {"angle": -45, "axis": "z", "origin": [6.61872, 15.5, 10]},
			"faces": {
				"north": {"uv": [11.28571, 4.42857, 11.57143, 5], "texture": "#0"},
				"east": {"uv": [9.71429, 4.42857, 11.28571, 5], "texture": "#0"},
				"south": {"uv": [13.14286, 4.42857, 13.42857, 5], "texture": "#0"},
				"west": {"uv": [11.57143, 4.42857, 13.14286, 5], "texture": "#0"},
				"up": {"uv": [11.57143, 4.42857, 11.28571, 2.85714], "texture": "#0"},
				"down": {"uv": [11.85714, 2.85714, 11.57143, 4.42857], "texture": "#0"}
			}
		},
		{
			"from": [10.1882, 12.28395, 9.0001],
			"to": [12.1882, 16.28395, 20.0001],
			"rotation": {"angle": 45, "axis": "z", "origin": [6.61872, 15.5, 10]},
			"faces": {
				"north": {"uv": [10.57143, 10.71429, 10.85714, 11.28571], "rotation": 180, "texture": "#0"},
				"east": {"uv": [9, 10.71429, 10.57143, 11.28571], "rotation": 180, "texture": "#0"},
				"south": {"uv": [12.42857, 10.71429, 12.71429, 11.28571], "rotation": 180, "texture": "#0"},
				"west": {"uv": [10.85714, 10.71429, 12.42857, 11.28571], "rotation": 180, "texture": "#0"},
				"up": {"uv": [10.85714, 10.71429, 10.57143, 9.14286], "rotation": 180, "texture": "#0"},
				"down": {"uv": [11.14286, 9.14286, 10.85714, 10.71429], "rotation": 180, "texture": "#0"}
			}
		},
		{
			"from": [3, 10, -13],
			"to": [13, 19, -12],
			"faces": {
				"north": {"uv": [10.57143, 5.57143, 12, 6.85714], "texture": "#0"},
				"east": {"uv": [10.42857, 5.57143, 10.57143, 6.85714], "texture": "#0"},
				"south": {"uv": [12.14286, 5.57143, 13.57143, 6.85714], "texture": "#0"},
				"west": {"uv": [12, 5.57143, 12.14286, 6.85714], "texture": "#0"},
				"up": {"uv": [12, 5.57143, 10.57143, 5.42857], "texture": "#0"},
				"down": {"uv": [13.42857, 5.42857, 12, 5.57143], "texture": "#0"}
			}
		},
		{
			"from": [3, 14, -4],
			"to": [13, 19, 5],
			"rotation": {"angle": 0, "axis": "y", "origin": [0, 0, 7]},
			"faces": {
				"north": {"uv": [7.14286, 3.71429, 8.57143, 4.42857], "texture": "#0"},
				"east": {"uv": [5.85714, 3.71429, 7.14286, 4.42857], "texture": "#0"},
				"south": {"uv": [9.85714, 3.71429, 11.28571, 4.42857], "texture": "#0"},
				"west": {"uv": [8.57143, 3.71429, 9.85714, 4.42857], "texture": "#0"},
				"up": {"uv": [8.57143, 3.71429, 7.14286, 2.42857], "texture": "#0"},
				"down": {"uv": [10, 2.42857, 8.57143, 3.71429], "texture": "#0"}
			}
		},
		{
			"from": [3, 9, -2],
			"to": [13, 14, 5],
			"rotation": {"angle": 0, "axis": "y", "origin": [0, 0, 7]},
			"faces": {
				"north": {"uv": [1, 6.42857, 2.42857, 7.14286], "texture": "#0"},
				"east": {"uv": [0, 6.42857, 1, 7.14286], "texture": "#0"},
				"south": {"uv": [3.42857, 6.42857, 4.85714, 7.14286], "texture": "#0"},
				"west": {"uv": [2.42857, 6.42857, 3.42857, 7.14286], "texture": "#0"},
				"up": {"uv": [2.42857, 6.42857, 1, 5.42857], "texture": "#0"},
				"down": {"uv": [3.85714, 5.42857, 2.42857, 6.42857], "texture": "#0"}
			}
		},
		{
			"from": [3.0001, 10, 5],
			"to": [12.99, 15, 13],
			"rotation": {"angle": 0, "axis": "y", "origin": [0, 0, 7]},
			"faces": {
				"north": {"uv": [1.14286, 1.14286, 2.42857, 1.85714], "texture": "#0"},
				"east": {"uv": [0, 1.14286, 1.14286, 1.85714], "texture": "#0"},
				"south": {"uv": [3.57143, 1.14286, 4.85714, 1.85714], "texture": "#0"},
				"west": {"uv": [2.42857, 1.14286, 3.57143, 1.85714], "texture": "#0"},
				"up": {"uv": [2.42857, 1.14286, 1.14286, 0], "texture": "#0"},
				"down": {"uv": [3.71429, 0, 2.42857, 1.14286], "texture": "#0"}
			}
		},
		{
			"from": [3.0001, 10.5, -4.6],
			"to": [12.99, 15.95, -2.6],
			"rotation": {"angle": -22.5, "axis": "x", "origin": [8.5, 16.5, 0.5]},
			"faces": {
				"north": {"uv": [0.28571, 9.42857, 1.57143, 10.14286], "rotation": 180, "texture": "#0"},
				"east": {"uv": [0, 9.42857, 0.28571, 10.14286], "rotation": 270, "texture": "#0"},
				"south": {"uv": [1.85714, 9.42857, 3.14286, 10.14286], "texture": "#0"},
				"west": {"uv": [1.57143, 9.42857, 1.85714, 10.14286], "rotation": 90, "texture": "#0"},
				"up": {"uv": [1.57143, 9.42857, 0.28571, 9.14286], "rotation": 180, "texture": "#0"},
				"down": {"uv": [2.85714, 9.14286, 1.57143, 9.42857], "texture": "#0"}
			}
		},
		{
			"from": [2.8999, 14.21605, 10.15],
			"to": [2.8999, 17.21605, 12.15],
			"rotation": {"angle": -45, "axis": "z", "origin": [6.61872, 15.5, 10]},
			"faces": {
				"north": {"uv": [4, 0.71429, 4, 1.14286], "texture": "#0"},
				"east": {"uv": [3.71429, 0.71429, 4, 1.14286], "texture": "#0"},
				"south": {"uv": [4.28571, 0.71429, 4.28571, 1.14286], "texture": "#0"},
				"west": {"uv": [0.28571, 0.85714, 0.71429, 1.14286], "texture": "#0"},
				"up": {"uv": [4, 0.71429, 4, 0.42857], "texture": "#0"},
				"down": {"uv": [4, 0.42857, 4, 0.71429], "texture": "#0"}
			}
		},
		{
			"from": [2.8999, 14.21605, 12.4],
			"to": [2.8999, 17.21605, 14.4],
			"rotation": {"angle": -45, "axis": "z", "origin": [6.61872, 15.5, 10]},
			"faces": {
				"north": {"uv": [4, 0.28571, 4, 0.71429], "texture": "#0"},
				"east": {"uv": [3.71429, 0.28571, 4, 0.71429], "texture": "#0"},
				"south": {"uv": [4.28571, 0.28571, 4.28571, 0.71429], "texture": "#0"},
				"west": {"uv": [0.28571, 0.57143, 0.71429, 0.85714], "texture": "#0"},
				"up": {"uv": [4, 0.28571, 4, 0], "texture": "#0"},
				"down": {"uv": [4, 0, 4, 0.28571], "texture": "#0"}
			}
		},
		{
			"from": [2.8999, 14.21605, 14.65],
			"to": [2.8999, 17.21605, 16.65],
			"rotation": {"angle": -45, "axis": "z", "origin": [6.61872, 15.5, 10]},
			"faces": {
				"north": {"uv": [0.28571, 2.28571, 0.28571, 2.71429], "texture": "#0"},
				"east": {"uv": [0, 2.28571, 0.28571, 2.71429], "texture": "#0"},
				"south": {"uv": [0.57143, 2.28571, 0.57143, 2.71429], "texture": "#0"},
				"west": {"uv": [0.28571, 0, 0.71429, 0.28571], "texture": "#0"},
				"up": {"uv": [0.28571, 2.28571, 0.28571, 2], "texture": "#0"},
				"down": {"uv": [0.28571, 2, 0.28571, 2.28571], "texture": "#0"}
			}
		},
		{
			"from": [6.83477, 21.11882, 10.15],
			"to": [9.83477, 21.11882, 12.15],
			"rotation": {"angle": -45, "axis": "z", "origin": [6.61872, 15.5, 10]},
			"faces": {
				"north": {"uv": [0.28571, 1.14286, 0.71429, 1.14286], "rotation": 270, "texture": "#0"},
				"east": {"uv": [0, 1.14286, 0.28571, 1.14286], "rotation": 90, "texture": "#0"},
				"south": {"uv": [1, 1.14286, 1.42857, 1.14286], "rotation": 90, "texture": "#0"},
				"west": {"uv": [0.71429, 1.14286, 1, 1.14286], "rotation": 90, "texture": "#0"},
				"up": {"uv": [0.71429, 1.14286, 0.28571, 0.85714], "rotation": 90, "texture": "#0"},
				"down": {"uv": [1.14286, 0.85714, 0.71429, 1.14286], "rotation": 90, "texture": "#0"}
			}
		},
		{
			"from": [6.83477, 21.11882, 12.4],
			"to": [9.83477, 21.11882, 14.4],
			"rotation": {"angle": -45, "axis": "z", "origin": [6.61872, 15.5, 10]},
			"faces": {
				"north": {"uv": [0.28571, 0.85714, 0.71429, 0.85714], "rotation": 270, "texture": "#0"},
				"east": {"uv": [0, 0.85714, 0.28571, 0.85714], "rotation": 90, "texture": "#0"},
				"south": {"uv": [1, 0.85714, 1.42857, 0.85714], "rotation": 90, "texture": "#0"},
				"west": {"uv": [0.71429, 0.85714, 1, 0.85714], "rotation": 90, "texture": "#0"},
				"up": {"uv": [0.71429, 0.85714, 0.28571, 0.57143], "rotation": 90, "texture": "#0"},
				"down": {"uv": [1.14286, 0.57143, 0.71429, 0.85714], "rotation": 90, "texture": "#0"}
			}
		},
		{
			"from": [6.83477, 21.11882, 16.9],
			"to": [9.83477, 21.11882, 18.9],
			"rotation": {"angle": -45, "axis": "z", "origin": [6.61872, 15.5, 10]},
			"faces": {
				"north": {"uv": [0.28571, 0.57143, 0.71429, 0.57143], "rotation": 270, "texture": "#0"},
				"east": {"uv": [0, 0.57143, 0.28571, 0.57143], "rotation": 90, "texture": "#0"},
				"south": {"uv": [1, 0.57143, 1.42857, 0.57143], "rotation": 90, "texture": "#0"},
				"west": {"uv": [0.71429, 0.57143, 1, 0.57143], "rotation": 90, "texture": "#0"},
				"up": {"uv": [0.71429, 0.57143, 0.28571, 0.28571], "rotation": 90, "texture": "#0"},
				"down": {"uv": [1.14286, 0.28571, 0.71429, 0.57143], "rotation": 90, "texture": "#0"}
			}
		},
		{
			"from": [6.83477, 21.11882, 14.65],
			"to": [9.83477, 21.11882, 16.65],
			"rotation": {"angle": -45, "axis": "z", "origin": [6.61872, 15.5, 10]},
			"faces": {
				"north": {"uv": [0.28571, 0.28571, 0.71429, 0.28571], "rotation": 270, "texture": "#0"},
				"east": {"uv": [0, 0.28571, 0.28571, 0.28571], "rotation": 90, "texture": "#0"},
				"south": {"uv": [1, 0.28571, 1.42857, 0.28571], "rotation": 90, "texture": "#0"},
				"west": {"uv": [0.71429, 0.28571, 1, 0.28571], "rotation": 90, "texture": "#0"},
				"up": {"uv": [0.71429, 0.28571, 0.28571, 0], "rotation": 90, "texture": "#0"},
				"down": {"uv": [1.14286, 0, 0.71429, 0.28571], "rotation": 90, "texture": "#0"}
			}
		},
		{
			"from": [2.8999, 14.21605, 16.9],
			"to": [2.8999, 17.21605, 18.9],
			"rotation": {"angle": -45, "axis": "z", "origin": [6.61872, 15.5, 10]},
			"faces": {
				"north": {"uv": [0.28571, 1.85714, 0.28571, 2.28571], "texture": "#0"},
				"east": {"uv": [0, 1.85714, 0.28571, 2.28571], "texture": "#0"},
				"south": {"uv": [0.57143, 1.85714, 0.57143, 2.28571], "texture": "#0"},
				"west": {"uv": [0.28571, 0.28571, 0.71429, 0.57143], "texture": "#0"},
				"up": {"uv": [0.28571, 1.85714, 0.28571, 1.57143], "texture": "#0"},
				"down": {"uv": [0.28571, 1.57143, 0.28571, 1.85714], "texture": "#0"}
			}
		}
	],
	"display": {
		"thirdperson_righthand": {
			"translation": [0, 0, -2],
			"scale": [0.45, 0.45, 0.45]
		},
		"thirdperson_lefthand": {
			"translation": [0, 0, -2],
			"scale": [0.45, 0.45, 0.45]
		},
		"firstperson_righthand": {
			"rotation": [51.78, -6.98, 9.67],
			"translation": [12.25, 2.5, -13.25],
			"scale": [0.89961, 0.89961, 0.89961]
		},
		"firstperson_lefthand": {
			"rotation": [51.78, -6.98, 9.67],
			"translation": [12.25, 2.5, -13.25],
			"scale": [0.89961, 0.89961, 0.89961]
		},
		"ground": {
			"rotation": [0, 0, -90],
			"translation": [-1.75, -0.5, 0],
			"scale": [0.48672, 0.48672, 0.48672]
		},
		"gui": {
			"rotation": [44.72, 40.75, -30.21],
			"translation": [-0.5, -2.25, 0],
			"scale": [0.45313, 0.45313, 0.45313]
		},
		"head": {
			"translation": [-0.5, -7, -14],
			"scale": [1.18946, 1.18946, 1.18946]
		},
		"fixed": {
			"rotation": [90, -90, 90],
			"translation": [-1.5, -3, -0.25],
			"scale": [0.43359, 0.43359, 0.43359]
		}
	},
	"groups": [
		{
			"name": "shotgun",
			"origin": [8, 8, 8],
			"color": 0,
			"children": [
				{
					"name": "group1",
					"origin": [8, 8, 8],
					"color": 0,
					"children": [0, 1, 2, 3, 4, 5, 6, 7, 8, 9]
				},
				{
					"name": "group2",
					"origin": [8, 8, 8],
					"color": 0,
					"children": [
						10,
						11,
						12,
						13,
						14,
						15,
						16,
						17,
						18,
						19,
						20,
						{
							"name": "animation",
							"origin": [8, 8, 8],
							"color": 0,
							"children": [21, 22, 23, 24]
						},
						{
							"name": "levels",
							"origin": [8, 8, 8],
							"color": 0,
							"children": [
								{
									"name": "left",
									"origin": [8, 8, 8],
									"color": 0,
									"children": [25, 26, 27, 28, 29, 30, 31, 32]
								}
							]
						}
					]
				}
			]
		}
	]
}